"pokedex_number","name","generation","is_legendary","is_mythical","species","type_1","type_2","height_m","weight_kg","hp","attack","defense","sp_attack","sp_defense","speed"
"1","Bulbasaur","1","0","0","Seed pokemon","Grass","Poison","0.7","6.9","45","49","49","65","65","45"
"2","Ivysaur","1","0","0","Seed pokemon","Grass","Poison","1","13","60","62","63","80","80","60"
"3","Venusaur","1","0","0","Seed pokemon","Grass","Poison","2","100","80","82","83","100","100","80"
"3","Mega Venusaur","1","0","0","Seed pokemon","Grass","Poison","2.4","155.5","80","100","123","122","120","80"
"4","Charmander","1","0","0","Lizard pokemon","Fire","","0.6","8.5","39","52","43","60","50","65"
"5","Charmeleon","1","0","0","Flame pokemon","Fire","","1.1","19","58","64","58","80","65","80"
"6","Charizard","1","0","0","Flame pokemon","Fire","Flying","1.7","90.5","78","84","78","109","85","100"
"6","Mega Charizard X","1","0","0","Flame pokemon","Fire","Dragon","1.7","110.5","78","130","111","130","85","100"
"6","Mega Charizard Y","1","0","0","Flame pokemon","Fire","Flying","1.7","100.5","78","104","78","159","115","100"
"7","Squirtle","1","0","0","Tiny Turtle pokemon","Water","","0.5","9","44","48","65","50","64","43"
"8","Wartortle","1","0","0","Turtle pokemon","Water","","1","22.5","59","63","80","65","80","58"
"9","Blastoise","1","0","0","Shellfish pokemon","Water","","1.6","85.5","79","83","100","85","105","78"
"9","Mega Blastoise","1","0","0","Shellfish pokemon","Water","","1.6","101.1","79","103","120","135","115","78"
"10","Caterpie","1","0","0","Worm pokemon","Bug","","0.3","2.9","45","30","35","20","20","45"
"11","Metapod","1","0","0","Cocoon pokemon","Bug","","0.7","9.9","50","20","55","25","25","30"
"12","Butterfree","1","0","0","Butterfly pokemon","Bug","Flying","1.1","32","60","45","50","90","80","70"
"13","Weedle","1","0","0","Hairy Bug pokemon","Bug","Poison","0.3","3.2","40","35","30","20","20","50"
"14","Kakuna","1","0","0","Cocoon pokemon","Bug","Poison","0.6","10","45","25","50","25","25","35"
"15","Beedrill","1","0","0","Poison Bee pokemon","Bug","Poison","1","29.5","65","90","40","45","80","75"
"15","Mega Beedrill","1","0","0","Poison Bee pokemon","Bug","Poison","1.4","40.5","65","150","40","15","80","145"
"16","Pidgey","1","0","0","Tiny Bird pokemon","Normal","Flying","0.3","1.8","40","45","40","35","35","56"
"17","Pidgeotto","1","0","0","Bird pokemon","Normal","Flying","1.1","30","63","60","55","50","50","71"
"18","Pidgeot","1","0","0","Bird pokemon","Normal","Flying","1.5","39.5","83","80","75","70","70","101"
"18","Mega Pidgeot","1","0","0","Bird pokemon","Normal","Flying","2.2","50.5","83","80","80","135","80","121"
"19","Rattata","1","0","0","Mouse pokemon","Normal","","0.3","3.5","30","56","35","25","35","72"
"19","Alolan Rattata","1","0","0","Mouse pokemon","Dark","Normal","0.3","3.8","30","56","35","25","35","72"
"20","Raticate","1","0","0","Mouse pokemon","Normal","","0.7","18.5","55","81","60","50","70","97"
"20","Alolan Raticate","1","0","0","Mouse pokemon","Dark","Normal","0.7","25.5","75","71","70","40","80","77"
"21","Spearow","1","0","0","Tiny Bird pokemon","Normal","Flying","0.3","2","40","60","30","31","31","70"
"22","Fearow","1","0","0","Beak pokemon","Normal","Flying","1.2","38","65","90","65","61","61","100"
"23","Ekans","1","0","0","Snake pokemon","Poison","","2","6.9","35","60","44","40","54","55"
"24","Arbok","1","0","0","Cobra pokemon","Poison","","3.5","65","60","95","69","65","79","80"
"25","Pikachu","1","0","0","Mouse pokemon","Electric","","0.4","6","35","55","40","50","50","90"
"25","Partner Pikachu","1","0","0","Mouse pokemon","Electric","","0.4","6","45","80","50","75","60","120"
"26","Raichu","1","0","0","Mouse pokemon","Electric","","0.8","30","60","90","55","90","80","110"
"26","Alolan Raichu","1","0","0","Mouse pokemon","Electric","Psychic","0.7","21","60","85","50","95","85","110"
"27","Sandshrew","1","0","0","Mouse pokemon","Ground","","0.6","12","50","75","85","20","30","40"
"27","Alolan Sandshrew","1","0","0","Mouse pokemon","Ice","Steel","0.7","40","50","75","90","10","35","40"
"28","Sandslash","1","0","0","Mouse pokemon","Ground","","1","29.5","75","100","110","45","55","65"
"28","Alolan Sandslash","1","0","0","Mouse pokemon","Ice","Steel","1.2","55","75","100","120","25","65","65"
"29","Nidoran Femea","1","0","0","Poison Pin pokemon","Poison","","0.4","7","55","47","52","40","40","41"
"30","Nidorina","1","0","0","Poison Pin pokemon","Poison","","0.8","20","70","62","67","55","55","56"
"31","Nidoqueen","1","0","0","Drill pokemon","Poison","Ground","1.3","60","90","92","87","75","85","76"
"32","Nidoran Macho","1","0","0","Poison Pin pokemon","Poison","","0.5","9","46","57","40","40","40","50"
"33","Nidorino","1","0","0","Poison Pin pokemon","Poison","","0.9","19.5","61","72","57","55","55","65"
"34","Nidoking","1","0","0","Drill pokemon","Poison","Ground","1.4","62","81","102","77","85","75","85"
"35","Clefairy","1","0","0","Fairy pokemon","Fairy","","0.6","7.5","70","45","48","60","65","35"
"36","Clefable","1","0","0","Fairy pokemon","Fairy","","1.3","40","95","70","73","95","90","60"
"37","Vulpix","1","0","0","Fox pokemon","Fire","","0.6","9.9","38","41","40","50","65","65"
"37","Alolan Vulpix","1","0","0","Fox pokemon","Ice","","0.6","9.9","38","41","40","50","65","65"
"38","Ninetales","1","0","0","Fox pokemon","Fire","","1.1","19.9","73","76","75","81","100","100"
"38","Alolan Ninetales","1","0","0","Fox pokemon","Ice","Fairy","1.1","19.9","73","67","75","81","100","109"
"39","Jigglypuff","1","0","0","Balloon pokemon","Normal","Fairy","0.5","5.5","115","45","20","45","25","20"
"40","Wigglytuff","1","0","0","Balloon pokemon","Normal","Fairy","1","12","140","70","45","85","50","45"
"41","Zubat","1","0","0","Bat pokemon","Poison","Flying","0.8","7.5","40","45","35","30","40","55"
"42","Golbat","1","0","0","Bat pokemon","Poison","Flying","1.6","55","75","80","70","65","75","90"
"43","Oddish","1","0","0","Weed pokemon","Grass","Poison","0.5","5.4","45","50","55","75","65","30"
"44","Gloom","1","0","0","Weed pokemon","Grass","Poison","0.8","8.6","60","65","70","85","75","40"
"45","Vileplume","1","0","0","Flower pokemon","Grass","Poison","1.2","18.6","75","80","85","110","90","50"
"46","Paras","1","0","0","Mushroom pokemon","Bug","Grass","0.3","5.4","35","70","55","45","55","25"
"47","Parasect","1","0","0","Mushroom pokemon","Bug","Grass","1","29.5","60","95","80","60","80","30"
"48","Venonat","1","0","0","Insect pokemon","Bug","Poison","1","30","60","55","50","40","55","45"
"49","Venomoth","1","0","0","Poison Moth pokemon","Bug","Poison","1.5","12.5","70","65","60","90","75","90"
"50","Diglett","1","0","0","Mole pokemon","Ground","","0.2","0.8","10","55","25","35","45","95"
"50","Alolan Diglett","1","0","0","Mole pokemon","Ground","Steel","0.2","1","10","55","30","35","45","90"
"51","Dugtrio","1","0","0","Mole pokemon","Ground","","0.7","33.3","35","100","50","50","70","120"
"51","Alolan Dugtrio","1","0","0","Mole pokemon","Ground","Steel","0.7","66.6","35","100","60","50","70","110"
"52","Meowth","1","0","0","Scratch Cat pokemon","Normal","","0.4","4.2","40","45","35","40","40","90"
"52","Alolan Meowth","1","0","0","Scratch Cat pokemon","Dark","","0.4","4.2","40","35","35","50","40","90"
"52","Galarian Meowth","1","0","0","Scratch Cat pokemon","Steel","","0.4","7.5","50","65","55","40","40","40"
"53","Persian","1","0","0","Classy Cat pokemon","Normal","","1","32","65","70","60","65","65","115"
"53","Alolan Persian","1","0","0","Classy Cat pokemon","Dark","","1.1","33","65","60","60","75","65","115"
"54","Psyduck","1","0","0","Duck pokemon","Water","","0.8","19.6","50","52","48","65","50","55"
"55","Golduck","1","0","0","Duck pokemon","Water","","1.7","76.6","80","82","78","95","80","85"
"56","Mankey","1","0","0","Pig Monkey pokemon","Fighting","","0.5","28","40","80","35","35","45","70"
"57","Primeape","1","0","0","Pig Monkey pokemon","Fighting","","1","32","65","105","60","60","70","95"
"58","Growlithe","1","0","0","Puppy pokemon","Fire","","0.7","19","55","70","45","70","50","60"
"59","Arcanine","1","0","0","Legendary pokemon","Fire","","1.9","155","90","110","80","100","80","95"
"60","Poliwag","1","0","0","Tadpole pokemon","Water","","0.6","12.4","40","50","40","40","40","90"
"61","Poliwhirl","1","0","0","Tadpole pokemon","Water","","1","20","65","65","65","50","50","90"
"62","Poliwrath","1","0","0","Tadpole pokemon","Water","Fighting","1.3","54","90","95","95","70","90","70"
"63","Abra","1","0","0","Psi pokemon","Psychic","","0.9","19.5","25","20","15","105","55","90"
"64","Kadabra","1","0","0","Psi pokemon","Psychic","","1.3","56.5","40","35","30","120","70","105"
"65","Alakazam","1","0","0","Psi pokemon","Psychic","","1.5","48","55","50","45","135","95","120"
"65","Mega Alakazam","1","0","0","Psi pokemon","Psychic","","1.2","48","55","50","65","175","105","150"
"66","Machop","1","0","0","Superpower pokemon","Fighting","","0.8","19.5","70","80","50","35","35","35"
"67","Machoke","1","0","0","Superpower pokemon","Fighting","","1.5","70.5","80","100","70","50","60","45"
"68","Machamp","1","0","0","Superpower pokemon","Fighting","","1.6","130","90","130","80","65","85","55"
"69","Bellsprout","1","0","0","Flower pokemon","Grass","Poison","0.7","4","50","75","35","70","30","40"
"70","Weepinbell","1","0","0","Flycatcher pokemon","Grass","Poison","1","6.4","65","90","50","85","45","55"
"71","Victreebel","1","0","0","Flycatcher pokemon","Grass","Poison","1.7","15.5","80","105","65","100","70","70"
"72","Tentacool","1","0","0","Jellyfish pokemon","Water","Poison","0.9","45.5","40","40","35","50","100","70"
"73","Tentacruel","1","0","0","Jellyfish pokemon","Water","Poison","1.6","55","80","70","65","80","120","100"
"74","Geodude","1","0","0","Rock pokemon","Rock","Ground","0.4","20","40","80","100","30","30","20"
"74","Alolan Geodude","1","0","0","Rock pokemon","Rock","Electric","0.4","20.3","40","80","100","30","30","20"
"75","Graveler","1","0","0","Rock pokemon","Rock","Ground","1","105","55","95","115","45","45","35"
"75","Alolan Graveler","1","0","0","Rock pokemon","Rock","Electric","1","110","55","95","115","45","45","35"
"76","Golem","1","0","0","Megaton pokemon","Rock","Ground","1.4","300","80","120","130","55","65","45"
"76","Alolan Golem","1","0","0","Megaton pokemon","Rock","Electric","1.7","316","80","120","130","55","65","45"
"77","Ponyta","1","0","0","Fire Horse pokemon","Fire","","1","30","50","85","55","65","65","90"
"77","Galarian Ponyta","1","0","0","Unique Horn pokemon","Psychic","","0.8","24","50","85","55","65","65","90"
"78","Rapidash","1","0","0","Fire Horse pokemon","Fire","","1.7","95","65","100","70","80","80","105"
"78","Galarian Rapidash","1","0","0","Unique Horn pokemon","Psychic","Fairy","1.7","80","65","100","70","80","80","105"
"79","Slowpoke","1","0","0","Dopey pokemon","Water","Psychic","1.2","36","90","65","65","40","40","15"
"80","Slowbro","1","0","0","Hermit Crab pokemon","Water","Psychic","1.6","78.5","95","75","110","100","80","30"
"80","Mega Slowbro","1","0","0","Hermit Crab pokemon","Water","Psychic","2","120","95","75","180","130","80","30"
"81","Magnemite","1","0","0","Magnet pokemon","Electric","Steel","0.3","6","25","35","70","95","55","45"
"82","Magneton","1","0","0","Magnet pokemon","Electric","Steel","1","60","50","60","95","120","70","70"
"83","Farfetch'd","1","0","0","Wild Duck pokemon","Normal","Flying","0.8","15","52","90","55","58","62","60"
"83","Galarian Farfetch'd","1","0","0","Wild Duck pokemon","Fighting","","0.8","42","52","95","55","58","62","55"
"84","Doduo","1","0","0","Twin Bird pokemon","Normal","Flying","1.4","39.2","35","85","45","35","35","75"
"85","Dodrio","1","0","0","Triple Bird pokemon","Normal","Flying","1.8","85.2","60","110","70","60","60","110"
"86","Seel","1","0","0","Sea Lion pokemon","Water","","1.1","90","65","45","55","45","70","45"
"87","Dewgong","1","0","0","Sea Lion pokemon","Water","Ice","1.7","120","90","70","80","70","95","70"
"88","Grimer","1","0","0","Sludge pokemon","Poison","","0.9","30","80","80","50","40","50","25"
"88","Alolan Grimer","1","0","0","Sludge pokemon","Poison","Dark","0.7","42","80","80","50","40","50","25"
"89","Muk","1","0","0","Sludge pokemon","Poison","","1.2","30","105","105","75","65","100","50"
"89","Alolan Muk","1","0","0","Sludge pokemon","Poison","Dark","1","52","105","105","75","65","100","50"
"90","Shellder","1","0","0","Bivalve pokemon","Water","","0.3","4","30","65","100","45","25","40"
"91","Cloyster","1","0","0","Bivalve pokemon","Water","Ice","1.5","132.5","50","95","180","85","45","70"
"92","Gastly","1","0","0","Gas pokemon","Ghost","Poison","1.3","0.1","30","35","30","100","35","80"
"93","Haunter","1","0","0","Gas pokemon","Ghost","Poison","1.6","0.1","45","50","45","115","55","95"
"94","Gengar","1","0","0","Shadow pokemon","Ghost","Poison","1.5","40.5","60","65","60","130","75","110"
"94","Mega Gengar","1","0","0","Shadow pokemon","Ghost","Poison","1.4","40.5","60","65","80","170","95","130"
"95","Onix","1","0","0","Rock Snake pokemon","Rock","Ground","8.8","210","35","45","160","30","45","70"
"96","Drowzee","1","0","0","Hypnosis pokemon","Psychic","","1","32.4","60","48","45","43","90","42"
"97","Hypno","1","0","0","Hypnosis pokemon","Psychic","","1.6","75.6","85","73","70","73","115","67"
"98","Krabby","1","0","0","River Crab pokemon","Water","","0.4","6.5","30","105","90","25","25","50"
"99","Kingler","1","0","0","Pincer pokemon","Water","","1.3","60","55","130","115","50","50","75"
"100","Voltorb","1","0","0","Ball pokemon","Electric","","0.5","10.4","40","30","50","55","55","100"
"101","Electrode","1","0","0","Ball pokemon","Electric","","1.2","66.6","60","50","70","80","80","150"
"102","Exeggcute","1","0","0","Egg pokemon","Grass","Psychic","0.4","2.5","60","40","80","60","45","40"
"103","Exeggutor","1","0","0","Coconut pokemon","Grass","Psychic","2","120","95","95","85","125","75","55"
"103","Alolan Exeggutor","1","0","0","Coconut pokemon","Grass","Dragon","10.9","415.6","95","105","85","125","75","45"
"104","Cubone","1","0","0","Lonely pokemon","Ground","","0.4","6.5","50","50","95","40","50","35"
"105","Marowak","1","0","0","Bone Keeper pokemon","Ground","","1","45","60","80","110","50","80","45"
"105","Alolan Marowak","1","0","0","Bone Keeper pokemon","Fire","Ghost","1","34","60","80","110","50","80","45"
"106","Hitmonlee","1","0","0","Kicking pokemon","Fighting","","1.5","49.8","50","120","53","35","110","87"
"107","Hitmonchan","1","0","0","Punching pokemon","Fighting","","1.4","50.2","50","105","79","35","110","76"
"108","Lickitung","1","0","0","Licking pokemon","Normal","","1.2","65.5","90","55","75","60","75","30"
"109","Koffing","1","0","0","Poison Gas pokemon","Poison","","0.6","1","40","65","95","60","45","35"
"110","Weezing","1","0","0","Poison Gas pokemon","Poison","","1.2","9.5","65","90","120","85","70","60"
"110","Galarian Weezing","1","0","0","Poison Gas pokemon","Poison","Fairy","3","16","65","90","120","85","70","60"
"111","Rhyhorn","1","0","0","Spikes pokemon","Ground","Rock","1","115","80","85","95","30","30","25"
"112","Rhydon","1","0","0","Drill pokemon","Ground","Rock","1.9","120","105","130","120","45","45","40"
"113","Chansey","1","0","0","Egg pokemon","Normal","","1.1","34.6","250","5","5","35","105","50"
"114","Tangela","1","0","0","Vine pokemon","Grass","","1","35","65","55","115","100","40","60"
"115","Kangaskhan","1","0","0","Parent pokemon","Normal","","2.2","80","105","95","80","40","80","90"
"115","Mega Kangaskhan","1","0","0","Parent pokemon","Normal","","2.2","100","105","125","100","60","100","100"
"116","Horsea","1","0","0","Dragon pokemon","Water","","0.4","8","30","40","70","70","25","60"
"117","Seadra","1","0","0","Dragon pokemon","Water","","1.2","25","55","65","95","95","45","85"
"118","Goldeen","1","0","0","Goldfish pokemon","Water","","0.6","15","45","67","60","35","50","63"
"119","Seaking","1","0","0","Goldfish pokemon","Water","","1.3","39","80","92","65","65","80","68"
"120","Staryu","1","0","0","Star Shape pokemon","Water","","0.8","34.5","30","45","55","70","55","85"
"121","Starmie","1","0","0","Mysterious pokemon","Water","Psychic","1.1","80","60","75","85","100","85","115"
"122","Mr. Mime","1","0","0","Barrier pokemon","Psychic","Fairy","1.3","54.5","40","45","65","100","120","90"
"122","Galarian Mr. Mime","1","0","0","Dancing pokemon","Psychic","Ice","1.4","56.8","50","65","65","90","90","100"
"123","Scyther","1","0","0","Mantis pokemon","Bug","Flying","1.5","56","70","110","80","55","80","105"
"124","Jynx","1","0","0","Human Shape pokemon","Ice","Psychic","1.4","40.6","65","50","35","115","95","95"
"125","Electabuzz","1","0","0","Electric pokemon","Electric","","1.1","30","65","83","57","95","85","105"
"126","Magmar","1","0","0","Spitfire pokemon","Fire","","1.3","44.5","65","95","57","100","85","93"
"127","Pinsir","1","0","0","Stag Beetle pokemon","Bug","","1.5","55","65","125","100","55","70","85"
"127","Mega Pinsir","1","0","0","Stag Beetle pokemon","Bug","Flying","1.7","59","65","155","120","65","90","105"
"128","Tauros","1","0","0","Wild Bull pokemon","Normal","","1.4","88.4","75","100","95","40","70","110"
"129","Magikarp","1","0","0","Fish pokemon","Water","","0.9","10","20","10","55","15","20","80"
"130","Gyarados","1","0","0","Atrocious pokemon","Water","Flying","6.5","235","95","125","79","60","100","81"
"130","Mega Gyarados","1","0","0","Atrocious pokemon","Water","Dark","6.5","305","95","155","109","70","130","81"
"131","Lapras","1","0","0","Transport pokemon","Water","Ice","2.5","220","130","85","80","85","95","60"
"132","Ditto","1","0","0","Transform pokemon","Normal","","0.3","4","48","48","48","48","48","48"
"133","Eevee","1","0","0","Evolution pokemon","Normal","","0.3","6.5","55","55","50","45","65","55"
"133","Partner Eevee","1","0","0","Evolution pokemon","Normal","","0.3","6.5","65","75","70","65","85","75"
"134","Vaporeon","1","0","0","Bubble Jet pokemon","Water","","1","29","130","65","60","110","95","65"
"135","Jolteon","1","0","0","Lightning pokemon","Electric","","0.8","24.5","65","65","60","110","95","130"
"136","Flareon","1","0","0","Flame pokemon","Fire","","0.9","25","65","130","60","95","110","65"
"137","Porygon","1","0","0","Virtual pokemon","Normal","","0.8","36.5","65","60","70","85","75","40"
"138","Omanyte","1","0","0","Spiral pokemon","Rock","Water","0.4","7.5","35","40","100","90","55","35"
"139","Omastar","1","0","0","Spiral pokemon","Rock","Water","1","35","70","60","125","115","70","55"
"140","Kabuto","1","0","0","Shellfish pokemon","Rock","Water","0.5","11.5","30","80","90","55","45","55"
"141","Kabutops","1","0","0","Shellfish pokemon","Rock","Water","1.3","40.5","60","115","105","65","70","80"
"142","Aerodactyl","1","0","0","Fossil pokemon","Rock","Flying","1.8","59","80","105","65","60","75","130"
"142","Mega Aerodactyl","1","0","0","Fossil pokemon","Rock","Flying","2.1","79","80","135","85","70","95","150"
"143","Snorlax","1","0","0","Sleeping pokemon","Normal","","2.1","460","160","110","65","65","110","30"
"144","Articuno","1","0","0","Freeze pokemon","Ice","Flying","1.7","55.4","90","85","100","95","125","85"
"145","Zapdos","1","0","0","Electric pokemon","Electric","Flying","1.6","52.6","90","90","85","125","90","100"
"146","Moltres","1","0","0","Flame pokemon","Fire","Flying","2","60","90","100","90","125","85","90"
"147","Dratini","1","0","0","Dragon pokemon","Dragon","","1.8","3.3","41","64","45","50","50","50"
"148","Dragonair","1","0","0","Dragon pokemon","Dragon","","4","16.5","61","84","65","70","70","70"
"149","Dragonite","1","0","0","Dragon pokemon","Dragon","Flying","2.2","210","91","134","95","100","100","80"
"150","Mewtwo","1","1","0","Genetic pokemon","Psychic","","2","122","106","110","90","154","90","130"
"150","Mega Mewtwo X","1","1","0","Genetic pokemon","Psychic","Fighting","2.3","127","106","190","100","154","100","130"
"150","Mega Mewtwo Y","1","1","0","Genetic pokemon","Psychic","","1.5","33","106","150","70","194","120","140"
"151","Mew","1","0","1","New Species pokemon","Psychic","","0.4","4","100","100","100","100","100","100"
"152","Chikorita","2","0","0","Leaf pokemon","Grass","","0.9","6.4","45","49","65","49","65","45"
"153","Bayleef","2","0","0","Leaf pokemon","Grass","","1.2","15.8","60","62","80","63","80","60"
"154","Meganium","2","0","0","Herb pokemon","Grass","","1.8","100.5","80","82","100","83","100","80"
"155","Cyndaquil","2","0","0","Fire Mouse pokemon","Fire","","0.5","7.9","39","52","43","60","50","65"
"156","Quilava","2","0","0","Volcano pokemon","Fire","","0.9","19","58","64","58","80","65","80"
"157","Typhlosion","2","0","0","Volcano pokemon","Fire","","1.7","79.5","78","84","78","109","85","100"
"158","Totodile","2","0","0","Big Jaw pokemon","Water","","0.6","9.5","50","65","64","44","48","43"
"159","Croconaw","2","0","0","Big Jaw pokemon","Water","","1.1","25","65","80","80","59","63","58"
"160","Feraligatr","2","0","0","Big Jaw pokemon","Water","","2.3","88.8","85","105","100","79","83","78"
"161","Sentret","2","0","0","Scout pokemon","Normal","","0.8","6","35","46","34","35","45","20"
"162","Furret","2","0","0","Long Body pokemon","Normal","","1.8","32.5","85","76","64","45","55","90"
"163","Hoothoot","2","0","0","Owl pokemon","Normal","Flying","0.7","21.2","60","30","30","36","56","50"
"164","Noctowl","2","0","0","Owl pokemon","Normal","Flying","1.6","40.8","100","50","50","86","96","70"
"165","Ledyba","2","0","0","Five Star pokemon","Bug","Flying","1","10.8","40","20","30","40","80","55"
"166","Ledian","2","0","0","Five Star pokemon","Bug","Flying","1.4","35.6","55","35","50","55","110","85"
"167","Spinarak","2","0","0","String Spit pokemon","Bug","Poison","0.5","8.5","40","60","40","40","40","30"
"168","Ariados","2","0","0","Long Leg pokemon","Bug","Poison","1.1","33.5","70","90","70","60","70","40"
"169","Crobat","2","0","0","Bat pokemon","Poison","Flying","1.8","75","85","90","80","70","80","130"
"170","Chinchou","2","0","0","Angler pokemon","Water","Electric","0.5","12","75","38","38","56","56","67"
"171","Lanturn","2","0","0","Light pokemon","Water","Electric","1.2","22.5","125","58","58","76","76","67"
"172","Pichu","2","0","0","Tiny Mouse pokemon","Electric","","0.3","2","20","40","15","35","35","60"
"173","Cleffa","2","0","0","Star Shape pokemon","Fairy","","0.3","3","50","25","28","45","55","15"
"174","Igglybuff","2","0","0","Balloon pokemon","Normal","Fairy","0.3","1","90","30","15","40","20","15"
"175","Togepi","2","0","0","Spike Ball pokemon","Fairy","","0.3","1.5","35","20","65","40","65","20"
"176","Togetic","2","0","0","Happiness pokemon","Fairy","Flying","0.6","3.2","55","40","85","80","105","40"
"177","Natu","2","0","0","Tiny Bird pokemon","Psychic","Flying","0.2","2","40","50","45","70","45","70"
"178","Xatu","2","0","0","Mystic pokemon","Psychic","Flying","1.5","15","65","75","70","95","70","95"
"179","Mareep","2","0","0","Wool pokemon","Electric","","0.6","7.8","55","40","40","65","45","35"
"180","Flaaffy","2","0","0","Wool pokemon","Electric","","0.8","13.3","70","55","55","80","60","45"
"181","Ampharos","2","0","0","Light pokemon","Electric","","1.4","61.5","90","75","85","115","90","55"
"181","Mega Ampharos","2","0","0","Light pokemon","Electric","Dragon","1.4","61.5","90","95","105","165","110","45"
"182","Bellossom","2","0","0","Flower pokemon","Grass","","0.4","5.8","75","80","95","90","100","50"
"183","Marill","2","0","0","Aqua Mouse pokemon","Water","Fairy","0.4","8.5","70","20","50","20","50","40"
"184","Azumarill","2","0","0","Aqua Rabbit pokemon","Water","Fairy","0.8","28.5","100","50","80","60","80","50"
"185","Sudowoodo","2","0","0","Imitation pokemon","Rock","","1.2","38","70","100","115","30","65","30"
"186","Politoed","2","0","0","Frog pokemon","Water","","1.1","33.9","90","75","75","90","100","70"
"187","Hoppip","2","0","0","Cottonweed pokemon","Grass","Flying","0.4","0.5","35","35","40","35","55","50"
"188","Skiploom","2","0","0","Cottonweed pokemon","Grass","Flying","0.6","1","55","45","50","45","65","80"
"189","Jumpluff","2","0","0","Cottonweed pokemon","Grass","Flying","0.8","3","75","55","70","55","95","110"
"190","Aipom","2","0","0","Long Tail pokemon","Normal","","0.8","11.5","55","70","55","40","55","85"
"191","Sunkern","2","0","0","Seed pokemon","Grass","","0.3","1.8","30","30","30","30","30","30"
"192","Sunflora","2","0","0","Sun pokemon","Grass","","0.8","8.5","75","75","55","105","85","30"
"193","Yanma","2","0","0","Clear Wing pokemon","Bug","Flying","1.2","38","65","65","45","75","45","95"
"194","Wooper","2","0","0","Water Fish pokemon","Water","Ground","0.4","8.5","55","45","45","25","25","15"
"195","Quagsire","2","0","0","Water Fish pokemon","Water","Ground","1.4","75","95","85","85","65","65","35"
"196","Espeon","2","0","0","Sun pokemon","Psychic","","0.9","26.5","65","65","60","130","95","110"
"197","Umbreon","2","0","0","Moonlight pokemon","Dark","","1","27","95","65","110","60","130","65"
"198","Murkrow","2","0","0","Royal pokemon","Dark","Fairy","0.5","2.1","60","85","42","85","42","91"
"199","Slowking","2","0","0","Royal pokemon","Water","Psychic","2","79.5","95","75","80","100","110","30"
"200","Misdreavus","2","0","0","Screech pokemon","Ghost","","0.7","1","60","60","60","85","85","85"
"201","Unown","2","0","0","Symbol pokemon","Psychic","","0.5","5","48","72","48","72","48","48"
"202","Wobbuffet","2","0","0","Patient pokemon","Psychic","","1.3","28.5","190","33","58","33","58","33"
"203","Girafarig","2","0","0","Long Neck pokemon","Normal","Psychic","1.5","41.5","70","80","65","90","65","85"
"204","Pineco","2","0","0","Bagworm pokemon","Bug","","0.6","7.2","50","65","90","35","35","15"
"205","Forretress","2","0","0","Bagworm pokemon","Bug","Steel","1.2","125.8","75","90","140","60","60","40"
"206","Dunsparce","2","0","0","Land Snake pokemon","Normal","","1.5","14","100","70","70","65","65","45"
"207","Gligar","2","0","0","FlyScorpion pokemon","Ground","Flying","1.1","64.8","65","75","105","35","65","85"
"208","Steelix","2","0","0","Iron Snake pokemon","Steel","Ground","9.2","400","75","85","200","55","65","30"
"208","Mega Steelix","2","0","0","Iron Snake pokemon","Steel","Ground","10.5","740","75","125","230","55","95","30"
"209","Snubbull","2","0","0","Fairy pokemon","Fairy","","0.6","7.8","60","80","50","40","40","30"
"210","Granbull","2","0","0","Fairy pokemon","Fairy","","1.4","48.7","90","120","75","60","60","45"
"211","Qwilfish","2","0","0","Balloon pokemon","Water","Poison","0.5","3.9","65","95","85","55","55","85"
"212","Scizor","2","0","0","Pincer pokemon","Bug","Steel","1.8","118","70","130","100","55","80","65"
"212","Mega Scizor","2","0","0","Pincer pokemon","Bug","Steel","2","125","70","150","140","65","100","75"
"213","Shuckle","2","0","0","Mold pokemon","Bug","Rock","0.6","20.5","20","10","230","10","230","5"
"214","Heracross","2","0","0","Single Horn pokemon","Bug","Fighting","1.5","54","80","125","75","40","95","85"
"214","Mega Heracross","2","0","0","Single Horn pokemon","Bug","Fighting","1.7","62.5","80","185","115","40","105","75"
"215","Sneasel","2","0","0","Sharp Claw pokemon","Dark","Ice","0.9","28","55","95","55","35","75","115"
"216","Teddiursa","2","0","0","Little Bear pokemon","Normal","","0.6","8.8","60","80","50","50","50","40"
"217","Ursaring","2","0","0","Hibernator pokemon","Normal","","1.8","125.8","90","130","75","75","75","55"
"218","Slugma","2","0","0","Lava pokemon","Fire","","0.7","35","40","40","40","70","40","20"
"219","Magcargo","2","0","0","Lava pokemon","Fire","Rock","0.8","55","60","50","120","90","80","30"
"220","Swinub","2","0","0","Pig pokemon","Ice","Ground","0.4","6.5","50","50","40","30","30","50"
"221","Piloswine","2","0","0","Swine pokemon","Ice","Ground","1.1","55.8","100","100","80","60","60","50"
"222","Corsola","2","0","0","Coral pokemon","Water","Rock","0.6","5","65","55","95","65","95","35"
"222","Galarian Corsola","2","0","0","Coral pokemon","Ghost","","0.6","0.5","60","55","100","65","100","30"
"223","Remoraid","2","0","0","Jet pokemon","Water","","0.6","12","35","65","35","65","35","65"
"224","Octillery","2","0","0","Jet pokemon","Water","","0.9","28.5","75","105","75","105","75","45"
"225","Delibird","2","0","0","Delivery pokemon","Ice","Flying","0.9","16","45","55","45","65","45","75"
"226","Mantine","2","0","0","Kite pokemon","Water","Flying","2.1","220","85","40","70","80","140","70"
"227","Skarmory","2","0","0","Armor Bird pokemon","Steel","Flying","1.7","50.5","65","80","140","40","70","70"
"228","Houndour","2","0","0","Dark pokemon","Dark","Fire","0.6","10.8","45","60","30","80","50","65"
"229","Houndoom","2","0","0","Dark pokemon","Dark","Fire","1.4","35","75","90","50","110","80","95"
"229","Mega Houndoom","2","0","0","Dark pokemon","Dark","Fire","1.9","49.5","75","90","90","140","90","115"
"230","Kingdra","2","0","0","Dragon pokemon","Water","Dragon","1.8","152","75","95","95","95","95","85"
"231","Phanpy","2","0","0","Long Nose pokemon","Ground","","0.5","33.5","90","60","60","40","40","40"
"232","Donphan","2","0","0","Armor pokemon","Ground","","1.1","120","90","120","120","60","60","50"
"233","Porygon2","2","0","0","Virtual pokemon","Normal","","0.6","32.5","85","80","90","105","95","60"
"234","Stantler","2","0","0","Big Horn pokemon","Normal","","1.4","71.2","73","95","62","85","65","85"
"235","Smeargle","2","0","0","Painter pokemon","Normal","","1.2","58","55","20","35","20","45","75"
"236","Tyrogue","2","0","0","Scuffle pokemon","Fighting","","0.7","21","35","35","35","35","35","35"
"237","Hitmontop","2","0","0","Handstand pokemon","Fighting","","1.4","48","50","95","95","35","110","70"
"238","Smoochum","2","0","0","Kiss pokemon","Ice","Psychic","0.4","6","45","30","15","85","65","65"
"239","Elekid","2","0","0","Electric pokemon","Electric","","0.6","23.5","45","63","37","65","55","95"
"240","Magby","2","0","0","Live Coal pokemon","Fire","","0.7","21.4","45","75","37","70","55","83"
"241","Miltank","2","0","0","Milk Cow pokemon","Normal","","1.2","75.5","95","80","105","40","70","100"
"242","Blissey","2","0","0","Happiness pokemon","Normal","","1.5","46.8","255","10","10","75","135","55"
"243","Raikou","2","0","0","Thunder pokemon","Electric","","1.9","178","90","85","75","115","100","115"
"244","Entei","2","0","0","Volcano pokemon","Fire","","2.1","198","115","115","85","90","75","100"
"245","Suicune","2","0","0","Aurora pokemon","Water","","2","187","100","75","115","90","115","85"
"246","Larvitar","2","0","0","Rock Skin pokemon","Rock","Ground","0.6","72","50","64","50","45","50","41"
"247","Pupitar","2","0","0","Hard Shell pokemon","Rock","Ground","1.2","152","70","84","70","65","70","51"
"248","Tyranitar","2","0","0","Armor pokemon","Rock","Dark","2","202","100","134","110","95","100","61"
"248","Mega Tyranitar","2","0","0","Armor pokemon","Rock","Dark","2.5","255","100","164","150","95","120","71"
"249","Lugia","2","1","0","Diving pokemon","Psychic","Flying","5.2","216","106","90","130","90","154","110"
"250","Ho-oh","2","1","0","Rainbow pokemon","Fire","Flying","3.8","199","106","130","90","110","154","90"
"251","Celebi","2","0","1","Time Travel pokemon","Psychic","Grass","0.6","5","100","100","100","100","100","100"
"252","Treecko","3","0","0","Wood Gecko pokemon","Grass","","0.5","5","40","45","35","65","55","70"
"253","Grovyle","3","0","0","Wood Gecko pokemon","Grass","","0.9","21.6","50","65","45","85","65","95"
"254","Sceptile","3","0","0","Forest pokemon","Grass","","1.7","52.2","70","85","65","105","85","120"
"254","Mega Sceptile","3","0","0","Forest pokemon","Grass","Dragon","1.9","55.2","70","110","75","145","85","145"
"255","Torchic","3","0","0","Chick pokemon","Fire","","0.4","2.5","45","60","40","70","50","45"
"256","Combusken","3","0","0","Young Fowl pokemon","Fire","Fighting","0.9","19.5","60","85","60","85","60","55"
"257","Blaziken","3","0","0","Blaze pokemon","Fire","Fighting","1.9","52","80","120","70","110","70","80"
"257","Mega Blaziken","3","0","0","Blaze pokemon","Fire","Fighting","1.9","52","80","160","80","130","80","100"
"258","Mudkip","3","0","0","Mud Fish pokemon","Water","","0.4","7.6","50","70","50","50","50","40"
"259","Marshtomp","3","0","0","Mud Fish pokemon","Water","Ground","0.7","28","70","85","70","60","70","50"
"260","Swampert","3","0","0","Mud Fish pokemon","Water","Ground","1.5","81.9","100","110","90","85","90","60"
"260","Mega Swampert","3","0","0","Mud Fish pokemon","Water","Ground","1.9","102","100","150","110","95","110","70"
"261","Poochyena","3","0","0","Bite pokemon","Dark","","0.5","13.6","35","55","35","30","30","35"
"262","Mightyena","3","0","0","Bite pokemon","Dark","","1","37","70","90","70","60","60","70"
"263","Zigzagoon","3","0","0","TinyRaccoon pokemon","Normal","","0.4","17.5","38","30","41","30","41","60"
"263","Galarian Zigzagoon","3","0","0","Tiny Raccoon pokemon","Dark","Normal","0.4","17.5","38","30","41","30","41","60"
"264","Linoone","3","0","0","Rushing pokemon","Normal","","0.5","32.5","78","70","61","50","61","100"
"264","Galarian Linoone","3","0","0","Rushing pokemon","Dark","Normal","0.5","32.5","78","70","61","50","61","100"
"265","Wurmple","3","0","0","Worm pokemon","Bug","","0.3","3.6","45","45","35","20","30","20"
"266","Silcoon","3","0","0","Cocoon pokemon","Bug","","0.6","10","50","35","55","25","25","15"
"267","Beautifly","3","0","0","Butterfly pokemon","Bug","Flying","1","28.4","60","70","50","100","50","65"
"268","Cascoon","3","0","0","Cocoon pokemon","Bug","","0.7","11.5","50","35","55","25","25","15"
"269","Dustox","3","0","0","Poison Moth pokemon","Bug","Poison","1.2","31.6","60","50","70","50","90","65"
"270","Lotad","3","0","0","Water Weed pokemon","Water","Grass","0.5","2.6","40","30","30","40","50","30"
"271","Lombre","3","0","0","Jolly pokemon","Water","Grass","1.2","32.5","60","50","50","60","70","50"
"272","Ludicolo","3","0","0","Carefree pokemon","Water","Grass","1.5","55","80","70","70","90","100","70"
"273","Seedot","3","0","0","Acorn pokemon","Grass","","0.5","4","40","40","50","30","30","30"
"274","Nuzleaf","3","0","0","Wily pokemon","Grass","Dark","1","28","70","70","40","60","40","60"
"275","Shiftry","3","0","0","Wicked pokemon","Grass","Dark","1.3","59.6","90","100","60","90","60","80"
"276","Taillow","3","0","0","TinySwallow pokemon","Normal","Flying","0.3","2.3","40","55","30","30","30","85"
"277","Swellow","3","0","0","Swallow pokemon","Normal","Flying","0.7","19.8","60","85","60","75","50","125"
"278","Wingull","3","0","0","Seagull pokemon","Water","Flying","0.6","9.5","40","30","30","55","30","85"
"279","Pelipper","3","0","0","Water Bird pokemon","Water","Flying","1.2","28","60","50","100","95","70","65"
"280","Ralts","3","0","0","Feeling pokemon","Psychic","Fairy","0.4","6.6","28","25","25","45","35","40"
"281","Kirlia","3","0","0","Emotion pokemon","Psychic","Fairy","0.8","20.2","38","35","35","65","55","50"
"282","Gardevoir","3","0","0","Embrace pokemon","Psychic","Fairy","1.6","48.4","68","65","65","125","115","80"
"282","Mega Gardevoir","3","0","0","Embrace pokemon","Psychic","Fairy","1.6","48.4","68","85","65","165","135","100"
"283","Surskit","3","0","0","Pond Skater pokemon","Bug","Water","0.5","1.7","40","30","32","50","52","65"
"284","Masquerain","3","0","0","Eyeball pokemon","Bug","Flying","0.8","3.6","70","60","62","100","82","80"
"285","Shroomish","3","0","0","Mushroom pokemon","Grass","","0.4","4.5","60","40","60","40","60","35"
"286","Breloom","3","0","0","Mushroom pokemon","Grass","Fighting","1.2","39.2","60","130","80","60","60","70"
"287","Slakoth","3","0","0","Slacker pokemon","Normal","","0.8","24","60","60","60","35","35","30"
"288","Vigoroth","3","0","0","Wild Monkey pokemon","Normal","","1.4","46.5","80","80","80","55","55","90"
"289","Slaking","3","0","0","Lazy pokemon","Normal","","2","130.5","150","160","100","95","65","100"
"290","Nincada","3","0","0","Trainee pokemon","Bug","Ground","0.5","5.5","31","45","90","30","30","40"
"291","Ninjask","3","0","0","Ninja pokemon","Bug","Flying","0.8","12","61","90","45","50","50","160"
"292","Shedinja","3","0","0","Shed pokemon","Bug","Ghost","0.8","1.2","1","90","45","30","30","40"
"293","Whismur","3","0","0","Whisper pokemon","Normal","","0.6","16.3","64","51","23","51","23","28"
"294","Loudred","3","0","0","Big Voice pokemon","Normal","","1","40.5","84","71","43","71","43","48"
"295","Exploud","3","0","0","Loud Noise pokemon","Normal","","1.5","84","104","91","63","91","73","68"
"296","Makuhita","3","0","0","Guts pokemon","Fighting","","1","86.4","72","60","30","20","30","25"
"297","Hariyama","3","0","0","Arm Thrust pokemon","Fighting","","2.3","253.8","144","120","60","40","60","50"
"298","Azurill","3","0","0","Polka Dot pokemon","Normal","Fairy","0.2","2","50","20","40","20","40","20"
"299","Nosepass","3","0","0","Compass pokemon","Rock","","1","97","30","45","135","45","90","30"
"300","Skitty","3","0","0","Kitten pokemon","Normal","","0.6","11","50","45","45","35","35","50"
"301","Delcatty","3","0","0","Prim pokemon","Normal","","1.1","32.6","70","65","65","55","55","90"
"302","Sableye","3","0","0","Darkness pokemon","Dark","Ghost","0.5","11","50","75","75","65","65","50"
"302","Mega Sableye","3","0","0","Darkness pokemon","Dark","Ghost","0.5","161","50","85","125","85","115","20"
"303","Mawile","3","0","0","Deceiver pokemon","Steel","Fairy","0.6","11.5","50","85","85","55","55","50"
"303","Mega Mawile","3","0","0","Deceiver pokemon","Steel","Fairy","1","23.5","50","105","125","55","95","50"
"304","Aron","3","0","0","Iron Armor pokemon","Steel","Rock","0.4","60","50","70","100","40","40","30"
"305","Lairon","3","0","0","Iron Armor pokemon","Steel","Rock","0.9","120","60","90","140","50","50","40"
"306","Aggron","3","0","0","Iron Armor pokemon","Steel","Rock","2.1","360","70","110","180","60","60","50"
"306","Mega Aggron","3","0","0","Iron Armor pokemon","Steel","","2.2","395","70","140","230","60","80","50"
"307","Meditite","3","0","0","Meditate pokemon","Fighting","Psychic","0.6","11.2","30","40","55","40","55","60"
"308","Medicham","3","0","0","Meditate pokemon","Fighting","Psychic","1.3","31.5","60","60","75","60","75","80"
"308","Mega Medicham","3","0","0","Meditate pokemon","Fighting","Psychic","1.3","31.5","60","100","85","80","85","100"
"309","Electrike","3","0","0","Lightning pokemon","Electric","","0.6","15.2","40","45","40","65","40","65"
"310","Manectric","3","0","0","Discharge pokemon","Electric","","1.5","40.2","70","75","60","105","60","105"
"310","Mega Manectric","3","0","0","Discharge pokemon","Electric","","1.8","44","70","75","80","135","80","135"
"311","Plusle","3","0","0","Cheering pokemon","Electric","","0.4","4.2","60","50","40","85","75","95"
"312","Minun","3","0","0","Cheering pokemon","Electric","","0.4","4.2","60","40","50","75","85","95"
"313","Volbeat","3","0","0","Firefly pokemon","Bug","","0.7","17.7","65","73","75","47","85","85"
"314","Illumise","3","0","0","Firefly pokemon","Bug","","0.6","17.7","65","47","75","73","85","85"
"315","Roselia","3","0","0","Thorn pokemon","Grass","Poison","0.3","2","50","60","45","100","80","65"
"316","Gulpin","3","0","0","Stomach pokemon","Poison","","0.4","10.3","70","43","53","43","53","40"
"317","Swalot","3","0","0","Poison Bag pokemon","Poison","","1.7","80","100","73","83","73","83","55"
"318","Carvanha","3","0","0","Savage pokemon","Water","Dark","0.8","20.8","45","90","20","65","20","65"
"319","Sharpedo","3","0","0","Brutal pokemon","Water","Dark","1.8","88.8","70","120","40","95","40","95"
"319","Mega Sharpedo","3","0","0","Brutal pokemon","Water","Dark","2.5","130.3","70","140","70","110","65","105"
"320","Wailmer","3","0","0","Ball Whale pokemon","Water","","2","130","130","70","35","70","35","60"
"321","Wailord","3","0","0","Float Whale pokemon","Water","","14.5","398","170","90","45","90","45","60"
"322","Numel","3","0","0","Numb pokemon","Fire","Ground","0.7","24","60","60","40","65","45","35"
"323","Camerupt","3","0","0","Eruption pokemon","Fire","Ground","1.9","220","70","100","70","105","75","40"
"323","Mega Camerupt","3","0","0","Eruption pokemon","Fire","Ground","2.5","320.5","70","120","100","145","105","20"
"324","Torkoal","3","0","0","Coal pokemon","Fire","","0.5","80.4","70","85","140","85","70","20"
"325","Spoink","3","0","0","Bounce pokemon","Psychic","","0.7","30.6","60","25","35","70","80","60"
"326","Grumpig","3","0","0","Manipulate pokemon","Psychic","","0.9","71.5","80","45","65","90","110","80"
